DemoId,Name,Email,Message
,User1,user1@gmail.com,I would like have a demo of this app !!!
,User2,user1@gmail.com,it could mean a lot to me if you couls provide demo of this amazing app !!!
,User3,user1@gmail.com,there is a suspecuopis activity in my account !!!!
,User4,user1@gmail.com,it could mean a lot to me if you couls provide demo of this amazing app !!!
,User5,user1@gmail.com,it could mean a lot to me if you couls provide demo of this amazing app !!!
,User6,user1@gmail.com,it could mean a lot to me if you couls provide demo of this amazing app !!!
,User7,user1@gmail.com,it could mean a lot to me if you couls provide demo of this amazing app !!!
,User8,user1@gmail.com,it could mean a lot to me if you couls provide demo of this amazing app !!!
,User9,user1@gmail.com,it could mean a lot to me if you couls provide demo of this amazing app !!!
